Artist,Song,Streams,Genre,Class,Mel_Spectrogram,Lyrics_File,Processed_Lyrics_File
Hayley Gene Penner,Sleep at Night,2180000,Folk,2.0000037943391193,mel_spectrograms/Hayley_Gene_Penner-Sleep_at_Night_mel_spec.npy,lyrics/Hayley_Gene_Penner-Sleep_at_Night.txt,processed_lyrics/Hayley_Gene_Penner-Sleep_at_Night_bert.npy
Hayley Gene Penner,White Stripes,1500000,Folk,2.80113755969945,mel_spectrograms/Hayley_Gene_Penner-White_Stripes_mel_spec.npy,lyrics/Hayley_Gene_Penner-White_Stripes.txt,processed_lyrics/Hayley_Gene_Penner-White_Stripes_bert.npy
Hayley Gene Penner,Smaller,1210000,Folk,2.686851423233856,mel_spectrograms/Hayley_Gene_Penner-Smaller_mel_spec.npy,lyrics/Hayley_Gene_Penner-Smaller.txt,processed_lyrics/Hayley_Gene_Penner-Smaller_bert.npy
Hayley Gene Penner,People You Follow,385460,Folk,2.0783367877053243,mel_spectrograms/Hayley_Gene_Penner-People_You_Follow_mel_spec.npy,lyrics/Hayley_Gene_Penner-People_You_Follow.txt,processed_lyrics/Hayley_Gene_Penner-People_You_Follow_bert.npy
Hayley Gene Penner,somethingyouneverhad,355220,Folk,2.034876699717014,mel_spectrograms/Hayley_Gene_Penner-somethingyouneverhad_mel_spec.npy,lyrics/Hayley_Gene_Penner-somethingyouneverhad.txt,processed_lyrics/Hayley_Gene_Penner-somethingyouneverhad_bert.npy
Hayley Gene Penner,Olive Juice,269190,Folk,1.8873574468406855,mel_spectrograms/Hayley_Gene_Penner-Olive_Juice_mel_spec.npy,lyrics/Hayley_Gene_Penner-Olive_Juice.txt,processed_lyrics/Hayley_Gene_Penner-Olive_Juice_bert.npy
Hayley Gene Penner,Get Away,207340,Folk,1.7484890410877867,mel_spectrograms/Hayley_Gene_Penner-Get_Away_mel_spec.npy,lyrics/Hayley_Gene_Penner-Get_Away.txt,processed_lyrics/Hayley_Gene_Penner-Get_Away_bert.npy
Hayley Gene Penner,Silver Lining,188430,Folk,1.6976173228880163,mel_spectrograms/Hayley_Gene_Penner-Silver_Lining_mel_spec.npy,lyrics/Hayley_Gene_Penner-Silver_Lining.txt,processed_lyrics/Hayley_Gene_Penner-Silver_Lining_bert.npy
Hayley Gene Penner,Great Advice,151850,Folk,1.5828058737375639,mel_spectrograms/Hayley_Gene_Penner-Great_Advice_mel_spec.npy,lyrics/Hayley_Gene_Penner-Great_Advice.txt,processed_lyrics/Hayley_Gene_Penner-Great_Advice_bert.npy
Hayley Gene Penner,Two Birthdays and One Bad,146890,Folk,1.565140434917052,mel_spectrograms/Hayley_Gene_Penner-Two_Birthdays_and_One_Bad_mel_spec.npy,lyrics/Hayley_Gene_Penner-Two_Birthdays_and_One_Bad.txt,processed_lyrics/Hayley_Gene_Penner-Two_Birthdays_and_One_Bad_bert.npy
Hayley Gene Penner,Still,146880,Folk,1.5651042198972027,mel_spectrograms/Hayley_Gene_Penner-Still_mel_spec.npy,lyrics/Hayley_Gene_Penner-Still.txt,processed_lyrics/Hayley_Gene_Penner-Still_bert.npy
Hayley Gene Penner,Talking to Myself,129960,Folk,1.5,mel_spectrograms/Hayley_Gene_Penner-Talking_to_Myself_mel_spec.npy,lyrics/Hayley_Gene_Penner-Talking_to_Myself.txt,processed_lyrics/Hayley_Gene_Penner-Talking_to_Myself_bert.npy
Hayley Gene Penner,Favorite Person,100200,Folk,1.3616636204552657,mel_spectrograms/Hayley_Gene_Penner-Favorite_Person_mel_spec.npy,lyrics/Hayley_Gene_Penner-Favorite_Person.txt,processed_lyrics/Hayley_Gene_Penner-Favorite_Person_bert.npy
Hayley Gene Penner,Alone Together,78330,Folk,1.230679562540217,mel_spectrograms/Hayley_Gene_Penner-Alone_Together_mel_spec.npy,lyrics/Hayley_Gene_Penner-Alone_Together.txt,processed_lyrics/Hayley_Gene_Penner-Alone_Together_bert.npy
Hayley Gene Penner,The Longer It Hurts,74730,Folk,1.2056522426158032,mel_spectrograms/Hayley_Gene_Penner-The_Longer_It_Hurts_mel_spec.npy,lyrics/Hayley_Gene_Penner-The_Longer_It_Hurts.txt,processed_lyrics/Hayley_Gene_Penner-The_Longer_It_Hurts_bert.npy
Hayley Gene Penner,Know u Then,51770,Folk,1.010392850391894,mel_spectrograms/Hayley_Gene_Penner-Know_u_Then_mel_spec.npy,lyrics/Hayley_Gene_Penner-Know_u_Then.txt,processed_lyrics/Hayley_Gene_Penner-Know_u_Then_bert.npy
Hayley Gene Penner,Sick,41710,Folk,0.8954573782539121,mel_spectrograms/Hayley_Gene_Penner-Sick_mel_spec.npy,lyrics/Hayley_Gene_Penner-Sick.txt,processed_lyrics/Hayley_Gene_Penner-Sick_bert.npy
Hayley Gene Penner,fetishizing struggle,30180,Folk,0.7233444009755442,mel_spectrograms/Hayley_Gene_Penner-fetishizing_struggle_mel_spec.npy,lyrics/Hayley_Gene_Penner-fetishizing_struggle.txt,processed_lyrics/Hayley_Gene_Penner-fetishizing_struggle_bert.npy
Hayley Gene Penner,Everything is Fine,29100,Folk,0.7039601917142739,mel_spectrograms/Hayley_Gene_Penner-Everything_is_Fine_mel_spec.npy,lyrics/Hayley_Gene_Penner-Everything_is_Fine.txt,processed_lyrics/Hayley_Gene_Penner-Everything_is_Fine_bert.npy
Hayley Gene Penner,Special,18120,Folk,0.4519758932289346,mel_spectrograms/Hayley_Gene_Penner-Special_mel_spec.npy,lyrics/Hayley_Gene_Penner-Special.txt,processed_lyrics/Hayley_Gene_Penner-Special_bert.npy
Hayley Gene Penner,New York Apartment,17200,Folk,0.4242592963279772,mel_spectrograms/Hayley_Gene_Penner-New_York_Apartment_mel_spec.npy,lyrics/Hayley_Gene_Penner-New_York_Apartment.txt,processed_lyrics/Hayley_Gene_Penner-New_York_Apartment_bert.npy
Hayley Gene Penner,Therapy,16310,Folk,0.3959980752914083,mel_spectrograms/Hayley_Gene_Penner-Therapy_mel_spec.npy,lyrics/Hayley_Gene_Penner-Therapy.txt,processed_lyrics/Hayley_Gene_Penner-Therapy_bert.npy
Hayley Gene Penner,Love in the Way,15050,Folk,0.35323196494595965,mel_spectrograms/Hayley_Gene_Penner-Love_in_the_Way_mel_spec.npy,lyrics/Hayley_Gene_Penner-Love_in_the_Way.txt,processed_lyrics/Hayley_Gene_Penner-Love_in_the_Way_bert.npy
Common Jack,Canyons in the Dark,506760,"Rock, Folk Rock",2.1421133537634263,mel_spectrograms/Common_Jack-Canyons_in_the_Dark_mel_spec.npy,lyrics/Common_Jack-Canyons_in_the_Dark.txt,processed_lyrics/Common_Jack-Canyons_in_the_Dark_bert.npy
Common Jack,Vi単ales,505510,"Rock, Folk Rock",2.1417546698727907,mel_spectrograms/Common_Jack-Vi単ales_mel_spec.npy,lyrics/Common_Jack-Vi単ales.txt,processed_lyrics/Common_Jack-Vi単ales_bert.npy
Common Jack,Uptown,414070,"Rock, Folk Rock",2.1127757517982992,mel_spectrograms/Common_Jack-Uptown_mel_spec.npy,lyrics/Common_Jack-Uptown.txt,processed_lyrics/Common_Jack-Uptown_bert.npy
Common Jack,Coming Down,127300,"Rock, Folk Rock",2.824423439615389,mel_spectrograms/Common_Jack-Coming_Down_mel_spec.npy,lyrics/Common_Jack-Coming_Down.txt,processed_lyrics/Common_Jack-Coming_Down_bert.npy
Common Jack,Restless,39160,"Rock, Folk Rock",2.3107854408844513,mel_spectrograms/Common_Jack-Restless_mel_spec.npy,lyrics/Common_Jack-Restless.txt,processed_lyrics/Common_Jack-Restless_bert.npy
Common Jack,She Don't,24900,"Rock, Folk Rock",2.113510911220141,mel_spectrograms/Common_Jack-She_Don_t_mel_spec.npy,lyrics/Common_Jack-She_Don't.txt,processed_lyrics/Common_Jack-She_Don't_bert.npy
Common Jack,Spanish Bird,19090,"Rock, Folk Rock",1.9977486843803,mel_spectrograms/Common_Jack-Spanish_Bird_mel_spec.npy,lyrics/Common_Jack-Spanish_Bird.txt,processed_lyrics/Common_Jack-Spanish_Bird_bert.npy
Common Jack,I Fall Away,6950,"Rock, Folk Rock",1.5575446597637281,mel_spectrograms/Common_Jack-I_Fall_Away_mel_spec.npy,lyrics/Common_Jack-I_Fall_Away.txt,processed_lyrics/Common_Jack-I_Fall_Away_bert.npy
Common Jack,I Still Think of You,6330,"Rock, Folk Rock",1.5168381308840082,mel_spectrograms/Common_Jack-I_Still_Think_of_You_mel_spec.npy,lyrics/Common_Jack-I_Still_Think_of_You.txt,processed_lyrics/Common_Jack-I_Still_Think_of_You_bert.npy
Common Jack,Fine Line,6290,"Rock, Folk Rock",1.5140765778601035,mel_spectrograms/Common_Jack-Fine_Line_mel_spec.npy,lyrics/Common_Jack-Fine_Line.txt,processed_lyrics/Common_Jack-Fine_Line_bert.npy
Common Jack,Skin and Bone,6090,"Rock, Folk Rock",1.5,mel_spectrograms/Common_Jack-Skin_and_Bone_mel_spec.npy,lyrics/Common_Jack-Skin_and_Bone.txt,processed_lyrics/Common_Jack-Skin_and_Bone_bert.npy
Common Jack,Eli Fletcher,5660,"Rock, Folk Rock",1.468101466854486,mel_spectrograms/Common_Jack-Eli_Fletcher_mel_spec.npy,lyrics/Common_Jack-Eli_Fletcher.txt,processed_lyrics/Common_Jack-Eli_Fletcher_bert.npy
Common Jack,A Little Time,5000,"Rock, Folk Rock",1.4140906161988431,mel_spectrograms/Common_Jack-A_Little_Time_mel_spec.npy,lyrics/Common_Jack-A_Little_Time.txt,processed_lyrics/Common_Jack-A_Little_Time_bert.npy
Common Jack,"Bowl, Holland",4970,"Rock, Folk Rock",1.4114690525152345,mel_spectrograms/Common_Jack-Bowl__Holland_mel_spec.npy,"lyrics/Common_Jack-Bowl,_Holland.txt","processed_lyrics/Common_Jack-Bowl,_Holland_bert.npy"
Common Jack,"Babe, We've Been Here Before",4260,"Rock, Folk Rock",1.3443198130871006,mel_spectrograms/Common_Jack-Babe__We_ve_Been_Here_Before_mel_spec.npy,"lyrics/Common_Jack-Babe,_We've_Been_Here_Before.txt","processed_lyrics/Common_Jack-Babe,_We've_Been_Here_Before_bert.npy"
Common Jack,Postmodern Blues,4230,"Rock, Folk Rock",1.3412413553693443,mel_spectrograms/Common_Jack-Postmodern_Blues_mel_spec.npy,lyrics/Common_Jack-Postmodern_Blues.txt,processed_lyrics/Common_Jack-Postmodern_Blues_bert.npy
Common Jack,The Echo,3930,"Rock, Folk Rock",1.309197816705851,mel_spectrograms/Common_Jack-The_Echo_mel_spec.npy,lyrics/Common_Jack-The_Echo.txt,processed_lyrics/Common_Jack-The_Echo_bert.npy
Common Jack,And It Nearly Killed Me!,3880,"Rock, Folk Rock",1.3036203907016208,mel_spectrograms/Common_Jack-And_It_Nearly_Killed_Me__mel_spec.npy,lyrics/Common_Jack-And_It_Nearly_Killed_Me!.txt,processed_lyrics/Common_Jack-And_It_Nearly_Killed_Me!_bert.npy
Common Jack,Old Faded Flag,3370,"Rock, Folk Rock",1.2422371242564698,mel_spectrograms/Common_Jack-Old_Faded_Flag_mel_spec.npy,lyrics/Common_Jack-Old_Faded_Flag.txt,processed_lyrics/Common_Jack-Old_Faded_Flag_bert.npy
Common Jack,"Forever, Ms. Crowne!",2880,"Rock, Folk Rock",1.1738004588695539,mel_spectrograms/Common_Jack-Forever__Ms._Crowne__mel_spec.npy,"lyrics/Common_Jack-Forever,_Ms._Crowne!.txt","processed_lyrics/Common_Jack-Forever,_Ms._Crowne!_bert.npy"
Common Jack,Who's Feeling Young Now?,2740,"Rock, Folk Rock",1.1520960927411665,mel_spectrograms/Common_Jack-Who_s_Feeling_Young_Now__mel_spec.npy,lyrics/Common_Jack-Who's_Feeling_Young_Now?.txt,processed_lyrics/Common_Jack-Who's_Feeling_Young_Now?_bert.npy
Billy Stonecipher,Back on the Road,2210000,"Hip-Hop & Rap, Rock, Pop, Folk rock",2.0194494889597223,mel_spectrograms/Billy_Stonecipher-Back_on_the_Road_mel_spec.npy,lyrics/Billy_Stonecipher-Back_on_the_Road.txt,processed_lyrics/Billy_Stonecipher-Back_on_the_Road_bert.npy
Billy Stonecipher,Birds,177200,"Hip-Hop & Rap, Rock, Pop, Folk rock",1.7075763487908386,mel_spectrograms/Billy_Stonecipher-Birds_mel_spec.npy,lyrics/Billy_Stonecipher-Birds.txt,processed_lyrics/Billy_Stonecipher-Birds_bert.npy
Billy Stonecipher,Sun and the Stars,168040,"Hip-Hop & Rap, Rock, Pop, Folk rock",1.6791651974735176,mel_spectrograms/Billy_Stonecipher-Sun_and_the_Stars_mel_spec.npy,lyrics/Billy_Stonecipher-Sun_and_the_Stars.txt,processed_lyrics/Billy_Stonecipher-Sun_and_the_Stars_bert.npy
Billy Stonecipher,The Garden,120240,"Hip-Hop & Rap, Rock, Pop, Folk rock",1.5,mel_spectrograms/Billy_Stonecipher-The_Garden_mel_spec.npy,lyrics/Billy_Stonecipher-The_Garden.txt,processed_lyrics/Billy_Stonecipher-The_Garden_bert.npy
Billy Stonecipher,The Sweetest Thing,41490,"Hip-Hop & Rap, Rock, Pop, Folk rock",0.9304452698157066,mel_spectrograms/Billy_Stonecipher-The_Sweetest_Thing_mel_spec.npy,lyrics/Billy_Stonecipher-The_Sweetest_Thing.txt,processed_lyrics/Billy_Stonecipher-The_Sweetest_Thing_bert.npy
Billy Stonecipher,Embers,32210,"Hip-Hop & Rap, Rock, Pop, Folk rock",0.7949279624544768,mel_spectrograms/Billy_Stonecipher-Embers_mel_spec.npy,lyrics/Billy_Stonecipher-Embers.txt,processed_lyrics/Billy_Stonecipher-Embers_bert.npy
Billy Stonecipher,I Love You the Most,27810,"Hip-Hop & Rap, Rock, Pop, Folk rock",0.716307242112818,mel_spectrograms/Billy_Stonecipher-I_Love_You_the_Most_mel_spec.npy,lyrics/Billy_Stonecipher-I_Love_You_the_Most.txt,processed_lyrics/Billy_Stonecipher-I_Love_You_the_Most_bert.npy
Orange Guava Passion,Eagletown,1180000,"Pop, European, Indie pop",2.709015636256826,mel_spectrograms/Orange_Guava_Passion-Eagletown_mel_spec.npy,lyrics/Orange_Guava_Passion-Eagletown.txt,processed_lyrics/Orange_Guava_Passion-Eagletown_bert.npy
Orange Guava Passion,TJ,669220,"Pop, European, Indie pop",2.363272010696538,mel_spectrograms/Orange_Guava_Passion-TJ_mel_spec.npy,lyrics/Orange_Guava_Passion-TJ.txt,processed_lyrics/Orange_Guava_Passion-TJ_bert.npy
Orange Guava Passion,Own It,162390,"Pop, European, Indie pop",1.5,mel_spectrograms/Orange_Guava_Passion-Own_It_mel_spec.npy,lyrics/Orange_Guava_Passion-Own_It.txt,processed_lyrics/Orange_Guava_Passion-Own_It_bert.npy
Orange Guava Passion,Slowly,82360,"Pop, European, Indie pop",1.0861393976448377,mel_spectrograms/Orange_Guava_Passion-Slowly_mel_spec.npy,lyrics/Orange_Guava_Passion-Slowly.txt,processed_lyrics/Orange_Guava_Passion-Slowly_bert.npy
Orange Guava Passion,Asphalt,45950,"Pop, European, Indie pop",0.7304102539048898,mel_spectrograms/Orange_Guava_Passion-Asphalt_mel_spec.npy,lyrics/Orange_Guava_Passion-Asphalt.txt,processed_lyrics/Orange_Guava_Passion-Asphalt_bert.npy
Back to Yours,Space Cadette,1620000,"Alternative, Alternative rock, Indie pop, Pop",2.036828641371788,mel_spectrograms/Back_to_Yours-Space_Cadette_mel_spec.npy,lyrics/Back_to_Yours-Space_Cadette.txt,processed_lyrics/Back_to_Yours-Space_Cadette_bert.npy
Back to Yours,Mallory,1230000,"Alternative, Alternative rock, Indie pop, Pop",2.988868650831791,mel_spectrograms/Back_to_Yours-Mallory_mel_spec.npy,lyrics/Back_to_Yours-Mallory.txt,processed_lyrics/Back_to_Yours-Mallory_bert.npy
Back to Yours,Feeling,654650,"Alternative, Alternative rock, Indie pop, Pop",2.710376131728734,mel_spectrograms/Back_to_Yours-Feeling_mel_spec.npy,lyrics/Back_to_Yours-Feeling.txt,processed_lyrics/Back_to_Yours-Feeling_bert.npy
Back to Yours,Mango,121080,"Alternative, Alternative rock, Indie pop, Pop",1.9651411994481316,mel_spectrograms/Back_to_Yours-Mango_mel_spec.npy,lyrics/Back_to_Yours-Mango.txt,processed_lyrics/Back_to_Yours-Mango_bert.npy
Back to Yours,Minor Chords and Pillow Forts,93350,"Alternative, Alternative rock, Indie pop, Pop",1.8502883760015878,mel_spectrograms/Back_to_Yours-Minor_Chords_and_Pillow_Forts_mel_spec.npy,lyrics/Back_to_Yours-Minor_Chords_and_Pillow_Forts.txt,processed_lyrics/Back_to_Yours-Minor_Chords_and_Pillow_Forts_bert.npy
Back to Yours,Blue,46150,"Alternative, Alternative rock, Indie pop, Pop",1.539215850557433,mel_spectrograms/Back_to_Yours-Blue_mel_spec.npy,lyrics/Back_to_Yours-Blue.txt,processed_lyrics/Back_to_Yours-Blue_bert.npy
Back to Yours,Where Are We Going,44150,"Alternative, Alternative rock, Indie pop, Pop",1.5196523578761183,mel_spectrograms/Back_to_Yours-Where_Are_We_Going_mel_spec.npy,lyrics/Back_to_Yours-Where_Are_We_Going.txt,processed_lyrics/Back_to_Yours-Where_Are_We_Going_bert.npy
Back to Yours,Rainjacket,40390,"Alternative, Alternative rock, Indie pop, Pop",1.4803476421238824,mel_spectrograms/Back_to_Yours-Rainjacket_mel_spec.npy,lyrics/Back_to_Yours-Rainjacket.txt,processed_lyrics/Back_to_Yours-Rainjacket_bert.npy
Back to Yours,Mino Man,32650,"Alternative, Alternative rock, Indie pop, Pop",1.3864089400088202,mel_spectrograms/Back_to_Yours-Mino_Man_mel_spec.npy,lyrics/Back_to_Yours-Mino_Man.txt,processed_lyrics/Back_to_Yours-Mino_Man_bert.npy
Back to Yours,Retrograde,30560,"Alternative, Alternative rock, Indie pop, Pop",1.357197845924666,mel_spectrograms/Back_to_Yours-Retrograde_mel_spec.npy,lyrics/Back_to_Yours-Retrograde.txt,processed_lyrics/Back_to_Yours-Retrograde_bert.npy
Back to Yours,Television,19430,"Alternative, Alternative rock, Indie pop, Pop",1.157224612079218,mel_spectrograms/Back_to_Yours-Television_mel_spec.npy,lyrics/Back_to_Yours-Television.txt,processed_lyrics/Back_to_Yours-Television_bert.npy
Back to Yours,Not Again,18670,"Alternative, Alternative rock, Indie pop, Pop",1.1396062242820721,mel_spectrograms/Back_to_Yours-Not_Again_mel_spec.npy,lyrics/Back_to_Yours-Not_Again.txt,processed_lyrics/Back_to_Yours-Not_Again_bert.npy
Back to Yours,Monster,17400,"Alternative, Alternative rock, Indie pop, Pop",1.108499392638138,mel_spectrograms/Back_to_Yours-Monster_mel_spec.npy,lyrics/Back_to_Yours-Monster.txt,processed_lyrics/Back_to_Yours-Monster_bert.npy
Back to Yours,By and By,3100,"Alternative, Alternative rock, Indie pop, Pop",0.34685499600123104,mel_spectrograms/Back_to_Yours-By_and_By_mel_spec.npy,lyrics/Back_to_Yours-By_and_By.txt,processed_lyrics/Back_to_Yours-By_and_By_bert.npy
Jakob Leventhal,This Love is Sarcastic,297410,"Folk rock, Indie rock, Rock",2.1050544135507607,mel_spectrograms/Jakob_Leventhal-This_Love_is_Sarcastic_mel_spec.npy,lyrics/Jakob_Leventhal-This_Love_is_Sarcastic.txt,processed_lyrics/Jakob_Leventhal-This_Love_is_Sarcastic_bert.npy
Jakob Leventhal,Neckties and Suicides,62710,"Folk rock, Indie rock, Rock",2.486360285725146,mel_spectrograms/Jakob_Leventhal-Neckties_and_Suicides_mel_spec.npy,lyrics/Jakob_Leventhal-Neckties_and_Suicides.txt,processed_lyrics/Jakob_Leventhal-Neckties_and_Suicides_bert.npy
Jakob Leventhal,A Weekend at the Governors,19690,"Folk rock, Indie rock, Rock",1.869581242247906,mel_spectrograms/Jakob_Leventhal-A_Weekend_at_the_Governors_mel_spec.npy,lyrics/Jakob_Leventhal-A_Weekend_at_the_Governors.txt,processed_lyrics/Jakob_Leventhal-A_Weekend_at_the_Governors_bert.npy
Jakob Leventhal,"Easy, Happy",13360,"Folk rock, Indie rock, Rock",1.66308487051007,mel_spectrograms/Jakob_Leventhal-Easy__Happy_mel_spec.npy,"lyrics/Jakob_Leventhal-Easy,_Happy.txt","processed_lyrics/Jakob_Leventhal-Easy,_Happy_bert.npy"
Jakob Leventhal,Gold and Glass,7240,"Folk rock, Indie rock, Rock",1.33691512948993,mel_spectrograms/Jakob_Leventhal-Gold_and_Glass_mel_spec.npy,lyrics/Jakob_Leventhal-Gold_and_Glass.txt,processed_lyrics/Jakob_Leventhal-Gold_and_Glass_bert.npy
Jakob Leventhal,God Damn,5180,"Folk rock, Indie rock, Rock",1.1586708844802738,mel_spectrograms/Jakob_Leventhal-God_Damn_mel_spec.npy,lyrics/Jakob_Leventhal-God_Damn.txt,processed_lyrics/Jakob_Leventhal-God_Damn_bert.npy
Jakob Leventhal,"Oh, So Bittersweet",4570,"Folk rock, Indie rock, Rock",1.091972720751201,mel_spectrograms/Jakob_Leventhal-Oh__So_Bittersweet_mel_spec.npy,"lyrics/Jakob_Leventhal-Oh,_So_Bittersweet.txt","processed_lyrics/Jakob_Leventhal-Oh,_So_Bittersweet_bert.npy"
Jakob Leventhal,News from a City in a Jungle,3990,"Folk rock, Indie rock, Rock",1.019724233521701,mel_spectrograms/Jakob_Leventhal-News_from_a_City_in_a_Jungle_mel_spec.npy,lyrics/Jakob_Leventhal-News_from_a_City_in_a_Jungle.txt,processed_lyrics/Jakob_Leventhal-News_from_a_City_in_a_Jungle_bert.npy
Bluebiird,Black Coffee Morning,7950000,Country,2.0459382684629293,mel_spectrograms/Bluebiird-Black_Coffee_Morning_mel_spec.npy,lyrics/Bluebiird-Black_Coffee_Morning.txt,processed_lyrics/Bluebiird-Black_Coffee_Morning_bert.npy
Bluebiird,Sailor,338290,Country,1.7556045636340327,mel_spectrograms/Bluebiird-Sailor_mel_spec.npy,lyrics/Bluebiird-Sailor.txt,processed_lyrics/Bluebiird-Sailor_bert.npy
Bluebiird,Good Girl,237210,Country,1.6001971601420821,mel_spectrograms/Bluebiird-Good_Girl_mel_spec.npy,lyrics/Bluebiird-Good_Girl.txt,processed_lyrics/Bluebiird-Good_Girl_bert.npy
Bluebiird,Lie Lie Lie,94500,Country,1.1972530840980091,mel_spectrograms/Bluebiird-Lie_Lie_Lie_mel_spec.npy,lyrics/Bluebiird-Lie_Lie_Lie.txt,processed_lyrics/Bluebiird-Lie_Lie_Lie_bert.npy
Bluebiird,Real People,31120,Country,0.7109531482779428,mel_spectrograms/Bluebiird-Real_People_mel_spec.npy,lyrics/Bluebiird-Real_People.txt,processed_lyrics/Bluebiird-Real_People_bert.npy
Bluebiird,Paranoia Boys,150090,Country,1.3998028398579172,mel_spectrograms/Bluebiird-Paranoia_Boys_mel_spec.npy,lyrics/Bluebiird-Paranoia_Boys.txt,processed_lyrics/Bluebiird-Paranoia_Boys_bert.npy
Giovanca,On My Way,2760000,"Country, R&B, Jazz fusion, Soul, Pop",2.0744525602328143,mel_spectrograms/Giovanca-On_My_Way_mel_spec.npy,lyrics/Giovanca-On_My_Way.txt,processed_lyrics/Giovanca-On_My_Way_bert.npy
Giovanca,How Does It Feel,1360000,"Country, R&B, Jazz fusion, Soul, Pop",2.7736828239916576,mel_spectrograms/Giovanca-How_Does_It_Feel_mel_spec.npy,lyrics/Giovanca-How_Does_It_Feel.txt,processed_lyrics/Giovanca-How_Does_It_Feel_bert.npy
Giovanca,My World,1050000,"Country, R&B, Jazz fusion, Soul, Pop",2.6093182140991322,mel_spectrograms/Giovanca-My_World_mel_spec.npy,lyrics/Giovanca-My_World.txt,processed_lyrics/Giovanca-My_World_bert.npy
Giovanca,Joyride,757910,"Country, R&B, Jazz fusion, Soul, Pop",2.402202546884581,mel_spectrograms/Giovanca-Joyride_mel_spec.npy,lyrics/Giovanca-Joyride.txt,processed_lyrics/Giovanca-Joyride_bert.npy
Giovanca,Drop It,478980,"Country, R&B, Jazz fusion, Soul, Pop",2.1106316020499287,mel_spectrograms/Giovanca-Drop_It_mel_spec.npy,lyrics/Giovanca-Drop_It.txt,processed_lyrics/Giovanca-Drop_It_bert.npy
Giovanca,Kiss of Life,386990,"Country, R&B, Jazz fusion, Soul, Pop",1.9751345656498158,mel_spectrograms/Giovanca-Kiss_of_Life_mel_spec.npy,lyrics/Giovanca-Kiss_of_Life.txt,processed_lyrics/Giovanca-Kiss_of_Life_bert.npy
Giovanca,Time is Ticking,277450,"Country, R&B, Jazz fusion, Soul, Pop",1.7637132612320914,mel_spectrograms/Giovanca-Time_is_Ticking_mel_spec.npy,lyrics/Giovanca-Time_is_Ticking.txt,processed_lyrics/Giovanca-Time_is_Ticking_bert.npy
Giovanca,Everything ,232330,"Country, R&B, Jazz fusion, Soul, Pop",1.6509483633986377,mel_spectrograms/Giovanca-Everything__mel_spec.npy,lyrics/Giovanca-Everything_.txt,processed_lyrics/Giovanca-Everything__bert.npy
Giovanca,Pure Bliss,221070,"Country, R&B, Jazz fusion, Soul, Pop",1.6193840981008343,mel_spectrograms/Giovanca-Pure_Bliss_mel_spec.npy,lyrics/Giovanca-Pure_Bliss.txt,processed_lyrics/Giovanca-Pure_Bliss_bert.npy
Giovanca,Hypnotize You,191500,"Country, R&B, Jazz fusion, Soul, Pop",1.5281518663420885,mel_spectrograms/Giovanca-Hypnotize_You_mel_spec.npy,lyrics/Giovanca-Hypnotize_You.txt,processed_lyrics/Giovanca-Hypnotize_You_bert.npy
Giovanca,Bam Bam Bam,175260,"Country, R&B, Jazz fusion, Soul, Pop",1.4718481336579126,mel_spectrograms/Giovanca-Bam_Bam_Bam_mel_spec.npy,lyrics/Giovanca-Bam_Bam_Bam.txt,processed_lyrics/Giovanca-Bam_Bam_Bam_bert.npy
Giovanca,Lockdown,115460,"Country, R&B, Jazz fusion, Soul, Pop",1.2066838315754538,mel_spectrograms/Giovanca-Lockdown_mel_spec.npy,lyrics/Giovanca-Lockdown.txt,processed_lyrics/Giovanca-Lockdown_bert.npy
Giovanca,A Matter of Facts,89540,"Country, R&B, Jazz fusion, Soul, Pop",1.0451517485454314,mel_spectrograms/Giovanca-A_Matter_of_Facts_mel_spec.npy,lyrics/Giovanca-A_Matter_of_Facts.txt,processed_lyrics/Giovanca-A_Matter_of_Facts_bert.npy
Giovanca,Free,83660,"Country, R&B, Jazz fusion, Soul, Pop",1.001995591026041,mel_spectrograms/Giovanca-Free_mel_spec.npy,lyrics/Giovanca-Free.txt,processed_lyrics/Giovanca-Free_bert.npy
Giovanca,She Just Wants to Know,70030,"Country, R&B, Jazz fusion, Soul, Pop",0.8890059935712635,mel_spectrograms/Giovanca-She_Just_Wants_to_Know_mel_spec.npy,lyrics/Giovanca-She_Just_Wants_to_Know.txt,processed_lyrics/Giovanca-She_Just_Wants_to_Know_bert.npy
Giovanca,Simply Mad,65310,"Country, R&B, Jazz fusion, Soul, Pop",0.8446719862780433,mel_spectrograms/Giovanca-Simply_Mad_mel_spec.npy,lyrics/Giovanca-Simply_Mad.txt,processed_lyrics/Giovanca-Simply_Mad_bert.npy
Giovanca,Go Now,61000,"Country, R&B, Jazz fusion, Soul, Pop",0.8012956655342321,mel_spectrograms/Giovanca-Go_Now_mel_spec.npy,lyrics/Giovanca-Go_Now.txt,processed_lyrics/Giovanca-Go_Now_bert.npy
Giovanca,Hungry,53460,"Country, R&B, Jazz fusion, Soul, Pop",0.7174673389072382,mel_spectrograms/Giovanca-Hungry_mel_spec.npy,lyrics/Giovanca-Hungry.txt,processed_lyrics/Giovanca-Hungry_bert.npy
Giovanca,Beautiful,48070,"Country, R&B, Jazz fusion, Soul, Pop",0.6499452736238753,mel_spectrograms/Giovanca-Beautiful_mel_spec.npy,lyrics/Giovanca-Beautiful.txt,processed_lyrics/Giovanca-Beautiful_bert.npy
Giovanca,Come Around,45620,"Country, R&B, Jazz fusion, Soul, Pop",0.6167088709536259,mel_spectrograms/Giovanca-Come_Around_mel_spec.npy,lyrics/Giovanca-Come_Around.txt,processed_lyrics/Giovanca-Come_Around_bert.npy
Genevra Munoa,Roses,1160000,"Indie pop, Pop",1.5,mel_spectrograms/Genevra_Munoa-Roses_mel_spec.npy,lyrics/Genevra_Munoa-Roses.txt,processed_lyrics/Genevra_Munoa-Roses_bert.npy
Zach Heckendorf,The Garden,2070000,"Folk rock, Pop rock, Rock",2.250000000000001,mel_spectrograms/Zach_Heckendorf-The_Garden_mel_spec.npy,lyrics/Zach_Heckendorf-The_Garden.txt,processed_lyrics/Zach_Heckendorf-The_Garden_bert.npy
Zach Heckendorf,All the Right Places,347370,"Folk rock, Pop rock, Rock",0.7500000000000008,mel_spectrograms/Zach_Heckendorf-All_the_Right_Places_mel_spec.npy,lyrics/Zach_Heckendorf-All_the_Right_Places.txt,processed_lyrics/Zach_Heckendorf-All_the_Right_Places_bert.npy
Alyssa Garcia,Loved Actually,79040,"Folk rock, Pop rock, Rock",2.164044709433761,mel_spectrograms/Alyssa_Garcia-Loved_Actually_mel_spec.npy,lyrics/Alyssa_Garcia-Loved_Actually.txt,processed_lyrics/Alyssa_Garcia-Loved_Actually_bert.npy
Alyssa Garcia,Better Life,2500,"Folk rock, Pop rock, Rock",1.748832165549286,mel_spectrograms/Alyssa_Garcia-Better_Life_mel_spec.npy,lyrics/Alyssa_Garcia-Better_Life.txt,processed_lyrics/Alyssa_Garcia-Better_Life_bert.npy
Alyssa Garcia,Grow Up,1630,"Folk rock, Pop rock, Rock",1.5330205941830675,mel_spectrograms/Alyssa_Garcia-Grow_Up_mel_spec.npy,lyrics/Alyssa_Garcia-Grow_Up.txt,processed_lyrics/Alyssa_Garcia-Grow_Up_bert.npy
Alyssa Garcia,"Sincerely, Me",1430,"Folk rock, Pop rock, Rock",1.4669794058169325,mel_spectrograms/Alyssa_Garcia-Sincerely__Me_mel_spec.npy,"lyrics/Alyssa_Garcia-Sincerely,_Me.txt","processed_lyrics/Alyssa_Garcia-Sincerely,_Me_bert.npy"
Alyssa Garcia,Noise,1260,"Folk rock, Pop rock, Rock",1.4031349049611392,mel_spectrograms/Alyssa_Garcia-Noise_mel_spec.npy,lyrics/Alyssa_Garcia-Noise.txt,processed_lyrics/Alyssa_Garcia-Noise_bert.npy
Alyssa Garcia,More Than Words,1200,"Folk rock, Pop rock, Rock",1.3785244002608534,mel_spectrograms/Alyssa_Garcia-More_Than_Words_mel_spec.npy,lyrics/Alyssa_Garcia-More_Than_Words.txt,processed_lyrics/Alyssa_Garcia-More_Than_Words_bert.npy
Dakota Ryley,This Feeling,99750,"Folk rock, Pop rock, Rock",2.25,mel_spectrograms/Dakota_Ryley-This_Feeling_mel_spec.npy,lyrics/Dakota_Ryley-This_Feeling.txt,processed_lyrics/Dakota_Ryley-This_Feeling_bert.npy
Dakota Ryley,Good For You,9170,"Folk rock, Pop rock, Rock",0.75,mel_spectrograms/Dakota_Ryley-Good_For_You_mel_spec.npy,lyrics/Dakota_Ryley-Good_For_You.txt,processed_lyrics/Dakota_Ryley-Good_For_You_bert.npy
Spence Hood,So You Wanna Marry Daisy,7750000,"Jazz fusion, Pop",2.1822035937853257,mel_spectrograms/Spence_Hood-So_You_Wanna_Marry_Daisy_mel_spec.npy,lyrics/Spence_Hood-So_You_Wanna_Marry_Daisy.txt,processed_lyrics/Spence_Hood-So_You_Wanna_Marry_Daisy_bert.npy
Spence Hood,Father Finlee,2710000,"Jazz fusion, Pop",2.0148497771122114,mel_spectrograms/Spence_Hood-Father_Finlee_mel_spec.npy,lyrics/Spence_Hood-Father_Finlee.txt,processed_lyrics/Spence_Hood-Father_Finlee_bert.npy
Spence Hood,Holler House,1670000,"Jazz fusion, Pop",2.8132271485284144,mel_spectrograms/Spence_Hood-Holler_House_mel_spec.npy,lyrics/Spence_Hood-Holler_House.txt,processed_lyrics/Spence_Hood-Holler_House_bert.npy
Spence Hood,Life's a Mess,1550000,"Jazz fusion, Pop",2.777597113777043,mel_spectrograms/Spence_Hood-Life_s_a_Mess_mel_spec.npy,lyrics/Spence_Hood-Life's_a_Mess.txt,processed_lyrics/Spence_Hood-Life's_a_Mess_bert.npy
Spence Hood,Mr. Rose,1290000,"Jazz fusion, Pop",2.6898642290898467,mel_spectrograms/Spence_Hood-Mr._Rose_mel_spec.npy,lyrics/Spence_Hood-Mr._Rose.txt,processed_lyrics/Spence_Hood-Mr._Rose_bert.npy
Spence Hood,Bailey,544940,"Jazz fusion, Pop",2.2781209524022206,mel_spectrograms/Spence_Hood-Bailey_mel_spec.npy,lyrics/Spence_Hood-Bailey.txt,processed_lyrics/Spence_Hood-Bailey_bert.npy
Spence Hood,Lying in the Middle,364030,"Jazz fusion, Pop",2.085351899312105,mel_spectrograms/Spence_Hood-Lying_in_the_Middle_mel_spec.npy,lyrics/Spence_Hood-Lying_in_the_Middle.txt,processed_lyrics/Spence_Hood-Lying_in_the_Middle_bert.npy
Spence Hood,Foothills,284760,"Jazz fusion, Pop",1.9680058367415083,mel_spectrograms/Spence_Hood-Foothills_mel_spec.npy,lyrics/Spence_Hood-Foothills.txt,processed_lyrics/Spence_Hood-Foothills_bert.npy
Spence Hood,Ransom,193580,"Jazz fusion, Pop",1.783591048438372,mel_spectrograms/Spence_Hood-Ransom_mel_spec.npy,lyrics/Spence_Hood-Ransom.txt,processed_lyrics/Spence_Hood-Ransom_bert.npy
Spence Hood,Vitamins,119840,"Jazz fusion, Pop",1.5544642417621943,mel_spectrograms/Spence_Hood-Vitamins_mel_spec.npy,lyrics/Spence_Hood-Vitamins.txt,processed_lyrics/Spence_Hood-Vitamins_bert.npy
Spence Hood,Timothy Pedal!,95410,"Jazz fusion, Pop",1.445535758237805,mel_spectrograms/Spence_Hood-Timothy_Pedal__mel_spec.npy,lyrics/Spence_Hood-Timothy_Pedal!.txt,processed_lyrics/Spence_Hood-Timothy_Pedal!_bert.npy
Spence Hood,Florence in the Floorboards,84890,"Jazz fusion, Pop",1.3897146163843568,mel_spectrograms/Spence_Hood-Florence_in_the_Floorboards_mel_spec.npy,lyrics/Spence_Hood-Florence_in_the_Floorboards.txt,processed_lyrics/Spence_Hood-Florence_in_the_Floorboards_bert.npy
Spence Hood,Scattering Remains,80170,"Jazz fusion, Pop",1.3623806109376382,mel_spectrograms/Spence_Hood-Scattering_Remains_mel_spec.npy,lyrics/Spence_Hood-Scattering_Remains.txt,processed_lyrics/Spence_Hood-Scattering_Remains_bert.npy
Spence Hood,She,64470,"Jazz fusion, Pop",1.2582425331921663,mel_spectrograms/Spence_Hood-She_mel_spec.npy,lyrics/Spence_Hood-She.txt,processed_lyrics/Spence_Hood-She_bert.npy
Spence Hood,Where the Wind Blows,62500,"Jazz fusion, Pop",1.243414515911875,mel_spectrograms/Spence_Hood-Where_the_Wind_Blows_mel_spec.npy,lyrics/Spence_Hood-Where_the_Wind_Blows.txt,processed_lyrics/Spence_Hood-Where_the_Wind_Blows_bert.npy
Spence Hood,The Boy from Sausalito,60790,"Jazz fusion, Pop",1.23015953738444,mel_spectrograms/Spence_Hood-The_Boy_from_Sausalito_mel_spec.npy,lyrics/Spence_Hood-The_Boy_from_Sausalito.txt,processed_lyrics/Spence_Hood-The_Boy_from_Sausalito_bert.npy
Spence Hood,Clover Season,58770,"Jazz fusion, Pop",1.2140126249095122,mel_spectrograms/Spence_Hood-Clover_Season_mel_spec.npy,lyrics/Spence_Hood-Clover_Season.txt,processed_lyrics/Spence_Hood-Clover_Season_bert.npy
Spence Hood,Forgive Me Chester,44480,"Jazz fusion, Pop",1.0808998036408242,mel_spectrograms/Spence_Hood-Forgive_Me_Chester_mel_spec.npy,lyrics/Spence_Hood-Forgive_Me_Chester.txt,processed_lyrics/Spence_Hood-Forgive_Me_Chester_bert.npy
Spence Hood,The Here & Now,42290,"Jazz fusion, Pop",1.0567759485150447,mel_spectrograms/Spence_Hood-The_Here___Now_mel_spec.npy,lyrics/Spence_Hood-The_Here_&_Now.txt,processed_lyrics/Spence_Hood-The_Here_&_Now_bert.npy
Spence Hood,Porcelain,35540,"Jazz fusion, Pop",0.973689933671269,mel_spectrograms/Spence_Hood-Porcelain_mel_spec.npy,lyrics/Spence_Hood-Porcelain.txt,processed_lyrics/Spence_Hood-Porcelain_bert.npy
Couch,Easy to Love,7830000,"Indie, Pop",2.936207365239345,mel_spectrograms/Couch-Easy_to_Love_mel_spec.npy,lyrics/Couch-Easy_to_Love.txt,processed_lyrics/Couch-Easy_to_Love_bert.npy
Couch,Fall Into Place,4800000,"Indie, Pop",2.492765459698247,mel_spectrograms/Couch-Fall_Into_Place_mel_spec.npy,lyrics/Couch-Fall_Into_Place.txt,processed_lyrics/Couch-Fall_Into_Place_bert.npy
Couch,Still Feeling You,4450000,"Indie, Pop",2.4241560255868,mel_spectrograms/Couch-Still_Feeling_You_mel_spec.npy,lyrics/Couch-Still_Feeling_You.txt,processed_lyrics/Couch-Still_Feeling_You_bert.npy
Couch,Stand Up,2110000,"Indie, Pop",1.7479411294901697,mel_spectrograms/Couch-Stand_Up_mel_spec.npy,lyrics/Couch-Stand_Up.txt,processed_lyrics/Couch-Stand_Up_bert.npy
Couch,Poems,2010000,"Indie, Pop",1.7039426052570985,mel_spectrograms/Couch-Poems_mel_spec.npy,lyrics/Couch-Poems.txt,processed_lyrics/Couch-Poems_bert.npy
Couch,(I Wanted) Summer With You,1790000,"Indie, Pop",1.5988976948378626,mel_spectrograms/Couch-_I_Wanted__Summer_With_You_mel_spec.npy,lyrics/Couch-(I_Wanted)_Summer_With_You.txt,processed_lyrics/Couch-(I_Wanted)_Summer_With_You_bert.npy
Couch,Black Bear Lane,1620000,"Indie, Pop",1.5084693256440505,mel_spectrograms/Couch-Black_Bear_Lane_mel_spec.npy,lyrics/Couch-Black_Bear_Lane.txt,processed_lyrics/Couch-Black_Bear_Lane_bert.npy
Couch,Saturday,1620000,"Indie, Pop",1.5084693256440505,mel_spectrograms/Couch-Saturday_mel_spec.npy,lyrics/Couch-Saturday.txt,processed_lyrics/Couch-Saturday_bert.npy
Couch,Autumn,1590000,"Indie, Pop",1.4915306743559478,mel_spectrograms/Couch-Autumn_mel_spec.npy,lyrics/Couch-Autumn.txt,processed_lyrics/Couch-Autumn_bert.npy
Couch,Jessie,1050000,"Indie, Pop",1.1155121584223755,mel_spectrograms/Couch-Jessie_mel_spec.npy,lyrics/Couch-Jessie.txt,processed_lyrics/Couch-Jessie_bert.npy
Couch,Like Before,1010000,"Indie, Pop",1.080315845447358,mel_spectrograms/Couch-Like_Before_mel_spec.npy,lyrics/Couch-Like_Before.txt,processed_lyrics/Couch-Like_Before_bert.npy
Couch,Alright,762030,"Indie, Pop",0.8250240060703389,mel_spectrograms/Couch-Alright_mel_spec.npy,lyrics/Couch-Alright.txt,processed_lyrics/Couch-Alright_bert.npy
Couch,I'm Leavin',682220,"Indie, Pop",0.7247687337837336,mel_spectrograms/Couch-I_m_Leavin__mel_spec.npy,lyrics/Couch-I'm_Leavin'.txt,processed_lyrics/Couch-I'm_Leavin'_bert.npy
Couch,L.A.,578900,"Indie, Pop",0.5759519097868526,mel_spectrograms/Couch-L.A._mel_spec.npy,lyrics/Couch-L.A..txt,processed_lyrics/Couch-L.A._bert.npy
Couch,Conjunction Junction,436370,"Indie, Pop",0.3198269927837898,mel_spectrograms/Couch-Conjunction_Junction_mel_spec.npy,lyrics/Couch-Conjunction_Junction.txt,processed_lyrics/Couch-Conjunction_Junction_bert.npy
Couch,Let Me Hold You,408990,"Indie, Pop",0.26110606858436225,mel_spectrograms/Couch-Let_Me_Hold_You_mel_spec.npy,lyrics/Couch-Let_Me_Hold_You.txt,processed_lyrics/Couch-Let_Me_Hold_You_bert.npy
Criibaby,Some Kinda Voodoo,164040,"Pop, R&B, Soul",2.645525104370335,mel_spectrograms/Criibaby-Some_Kinda_Voodoo_mel_spec.npy,lyrics/Criibaby-Some_Kinda_Voodoo.txt,processed_lyrics/Criibaby-Some_Kinda_Voodoo_bert.npy
Criibaby,home,119210,"Pop, R&B, Soul",2.532032806913763,mel_spectrograms/Criibaby-home_mel_spec.npy,lyrics/Criibaby-home.txt,processed_lyrics/Criibaby-home_bert.npy
Criibaby,maybe,25300,"Pop, R&B, Soul",1.9809454378003433,mel_spectrograms/Criibaby-maybe_mel_spec.npy,lyrics/Criibaby-maybe.txt,processed_lyrics/Criibaby-maybe_bert.npy
Criibaby,clementine,1690,"Pop, R&B, Soul",1.0190545621996567,mel_spectrograms/Criibaby-clementine_mel_spec.npy,lyrics/Criibaby-clementine.txt,processed_lyrics/Criibaby-clementine_bert.npy
Criibaby,cold,1300,"Pop, R&B, Soul",0.9258396536491957,mel_spectrograms/Criibaby-cold_mel_spec.npy,lyrics/Criibaby-cold.txt,processed_lyrics/Criibaby-cold_bert.npy
Criibaby,care,1180,"Pop, R&B, Soul",0.8914345683003407,mel_spectrograms/Criibaby-care_mel_spec.npy,lyrics/Criibaby-care.txt,processed_lyrics/Criibaby-care_bert.npy
The Wandering Hearts,Wish I Could,4580000,"Alternative, Pop, Country, Folk",2.776798211909784,mel_spectrograms/The_Wandering_Hearts-Wish_I_Could_mel_spec.npy,lyrics/The_Wandering_Hearts-Wish_I_Could.txt,processed_lyrics/The_Wandering_Hearts-Wish_I_Could_bert.npy
The Wandering Hearts,Devil,2270000,"Alternative, Pop, Country, Folk",2.390915996633168,mel_spectrograms/The_Wandering_Hearts-Devil_mel_spec.npy,lyrics/The_Wandering_Hearts-Devil.txt,processed_lyrics/The_Wandering_Hearts-Devil_bert.npy
The Wandering Hearts,Run,469730,"Alternative, Pop, Country, Folk",1.5248482849095852,mel_spectrograms/The_Wandering_Hearts-Run_mel_spec.npy,lyrics/The_Wandering_Hearts-Run.txt,processed_lyrics/The_Wandering_Hearts-Run_bert.npy
The Wandering Hearts,On Our Way,429130,"Alternative, Pop, Country, Folk",1.4751517150904159,mel_spectrograms/The_Wandering_Hearts-On_Our_Way_mel_spec.npy,lyrics/The_Wandering_Hearts-On_Our_Way.txt,processed_lyrics/The_Wandering_Hearts-On_Our_Way_bert.npy
The Wandering Hearts,Gold,198190,"Alternative, Pop, Country, Folk",1.0504502815703693,mel_spectrograms/The_Wandering_Hearts-Gold_mel_spec.npy,lyrics/The_Wandering_Hearts-Gold.txt,processed_lyrics/The_Wandering_Hearts-Gold_bert.npy
The Wandering Hearts,Dolores,83680,"Alternative, Pop, Country, Folk",0.5764424472261035,mel_spectrograms/The_Wandering_Hearts-Dolores_mel_spec.npy,lyrics/The_Wandering_Hearts-Dolores.txt,processed_lyrics/The_Wandering_Hearts-Dolores_bert.npy
